{
	"plugins": [
		{
			"name": "Media embed",
			"className": "MediaEmbed",
			"description": "Allows for inserting embeddable media such as YouTube or Vimeo videos, Instagram posts and tweets or Google Maps into your rich-text content.",
			"docs": "features/media-embed.html",
			"path": "src/mediaembed.js",
			"uiComponents": [
				{
					"type": "SplitButton",
					"name": "mediaEmbed",
					"iconPath": "theme/icons/media.svg"
				}
			],
			"htmlOutput": [
				{
					"elements": "figure",
					"classes": "media"
				},
				{
					"elements": "oembed",
					"attributes": "url",
					"_comment": "If `config.mediaEmbed.previewsInData` is turned off, the media preview is not displayed and the media is represented using only the `<oembed>` tag (by default)."
				},
				{
					"elements": "div",
					"attributes": "data-oembed-url",
					"_comment": "If `config.mediaEmbed.previewsInData` is turned on, the media preview is displayed in the view."
				},
				{
					"elements": "*",
					"attributes": "url",
					"_comment": "If `config.mediaEmbed.previewsInData` is turned off, the plugin can be configured to return any element name specified by `config.mediaEmbed.elementName`."
				},
				{
					"elements": "div",
					"styles": [
						"height",
						"padding-bottom",
						"position"
					],
					"_comment": "If `config.mediaEmbed.previewsInData` is turned on, the media preview is displayed in the view."
				},
				{
					"elements": "iframe",
					"styles": [
						"height",
						"left",
						"position",
						"top",
						"width"
					],
					"attributes": [
						"*allow*",
						"frameborder",
						"src"
					],
					"_comment": "If `config.mediaEmbed.previewsInData` is turned on, the media preview is displayed in the view."
				},
				{
					"elements": "*",
					"classes": "*",
					"styles": "*",
					"attributes": "*",
					"_comment": "The plugin can be configured to return any element with any class, inline style, and attribute, via `config.mediaEmbed.providers` for previewable media."
				}
			]
		},
		{
			"name": "Media embed toolbar",
			"className": "MediaEmbedToolbar",
			"description": "Implements an optional toolbar for media embed that shows when the media element is selected.",
			"docs": "features/media-embed.html",
			"path": "src/mediaembedtoolbar.js",
			"requires": [
				"MediaEmbed"
			],
			"registeredToolbars": [
				"mediaEmbed.toolbar"
			]
		}
	]
}
